,feature,tfidf
0,000,0.0
1,10,0.0
2,100,0.0
3,11,0.0
4,12,0.0
5,13,0.0
6,14,0.0
7,1412,0.0
8,1580236855,0.0
9,1990s,0.0
10,1992,0.0
11,19F,0.0
12,20,0.0
13,200,0.0
14,2010,0.0
15,2012,0.0
16,2014,0.0
17,2018,0.0
18,2019,0.0
19,2020,0.0
20,2021,0.0
21,210,0.0
22,24,0.0
23,25,0.0
24,2AM,0.0
25,31,0.0
26,38,0.0
27,3rd,0.0
28,40,0.0
29,42,0.0
30,4am,0.0
31,50,0.0
32,500,0.0
33,5d86a672af708fc87691257163b378ea2eb50432,0.0
34,5xs,0.0
35,600,0.0
36,60k,0.0
37,66,0.0
38,67,0.0
39,70,0.0
40,70â,0.0
41,800,0.0
42,95,0.0
43,9GPA,0.0
44,AM,0.0
45,AND,0.0
46,AWESOME,0.0
47,About,0.0
48,After,0.0
49,Airbnb,0.0
50,Al,0.0
51,All,0.0
52,Also,0.0
53,Altogeth,0.0
54,Always,0.0
55,Am,0.0
56,America,0.0
57,American,0.0
58,And,0.0
59,Another,0.0
60,Anyway,0.0
61,Anyways,0.0
62,Apple,0.0
63,April,0.0
64,Artificial,0.0
65,As,0.0
66,At,0.0
67,Attack,0.0
68,Australian,0.0
69,B08473M2YF,0.0
70,BEST,0.0
71,BREATH,0.0
72,Bappy,0.0
73,Barnes,0.0
74,Be,0.0
75,Bear,0.0
76,Been,0.0
77,Beepy,0.0
78,Beginning,0.0
79,Being,0.0
80,Bernie,0.0
81,Best,0.0
82,Better,0.0
83,Beverly,0.0
84,Biggest,0.0
85,Bippy,0.0
86,Bogo,0.0
87,Bojack,0.0
88,Bought,0.0
89,Bowl,0.0
90,Build,0.0
91,But,0.0
92,By,0.0
93,Came,0.0
94,Charger,0.0
95,Cheers,0.0
96,Chihuahuas,0.0
97,Childhood,0.0
98,Chips,0.0
99,Christmas,0.0
100,Cliche,0.0
101,Coke,0.0
102,Conquering,0.0
103,Contentness,0.0
104,Cookie,0.0
105,Coronavirus,0.0
106,Couldn,0.0
107,Couldnâ,0.0
108,Creative,0.0
109,DO,0.0
110,Dad,0.0
111,Day,0.0
112,December,0.0
113,Decent,0.0
114,Decided,0.0
115,Deppy,0.0
116,Depression,0.0
117,Despite,0.0
118,Did,0.0
119,Divorcing,0.0
120,Do,0.0
121,Does,0.0
122,Dog,0.0
123,Donâ,0.0
124,Dreams,0.0
125,During,0.0
126,Eagles,0.0
127,Earth,0.0
128,Eating,0.0
129,Ed,0.0
130,Engineering,0.0
131,English,0.0
132,Especially,0.0
133,Et,0.0
134,Even,0.0
135,Every,0.0
136,Everyone,0.0
137,Ex,0.0
138,Exactly,0.0
139,FINALLY,0.0
140,Family,0.0
141,Father,0.0
142,Feel,0.0
143,Fibromyalgia,0.0
144,Finally,0.0
145,First,0.0
146,FoodPorn,0.0
147,For,0.0
148,Fought,0.0
149,Found,0.0
150,Four,0.0
151,Friday,0.0
152,Gallowboob,0.0
153,Gave,0.0
154,Gehrig,0.0
155,Getting,0.0
156,Girlfriend,0.0
157,Glad,0.0
158,Go,0.0
159,God,0.0
160,Good,0.0
161,Goodbye,0.0
162,Got,0.0
163,Graduated,0.0
164,Grandma,0.0
165,Guess,0.0
166,Guy,0.0
167,HALF,0.0
168,HAPPY,0.0
169,HIM,0.0
170,HOWEVER,0.0
171,Halo,0.0
172,HaloSpotlight,0.0
173,Happy,0.0
174,Have,0.0
175,Haven,0.0
176,Having,0.0
177,He,0.0
178,Heart,0.0
179,Hello,0.0
180,Help,0.0
181,Her,0.0
182,Here,0.0
183,Hereâ,0.0
184,Heroine,0.0
185,Hey,0.0
186,Hi,0.0
187,Hillbillies,0.0
188,His,0.0
189,Honouring,0.0
190,Hope,0.0
191,How,0.0
192,However,0.0
193,Hungarian,0.0
194,Husband,0.0
195,IN,0.0
196,Idk,0.0
197,If,0.0
198,Illustrated,0.0
199,Im,0.0
200,In,0.0
201,India,0.0
202,Intelligence,0.0
203,Island,0.0
204,It,0.0
205,Itâ,0.0
206,Ive,0.0
207,Iâ,0.12445720548615882
208,January,0.0
209,Japan,0.0
210,Jk,0.0
211,John,0.0
212,June,0.0
213,Juni,0.0
214,Just,0.0
215,Keep,0.0
216,Kira,0.0
217,Knowing,0.0
218,LAST,0.0
219,LIVE,0.0
220,LOL,0.0
221,LOVE,0.0
222,Lemon,0.0
223,Life,0.0
224,Lithium,0.0
225,Little,0.0
226,Long,0.0
227,Look,0.0
228,Loss,0.0
229,Luigi,0.0
230,MBA,0.0
231,ME,0.0
232,MORE,0.0
233,MUSIC,0.0
234,MY,0.0
235,MYSELF,0.0
236,Makes,0.0
237,Mama,0.0
238,Man,0.0
239,March,0.0
240,Mastiff,0.0
241,Me,0.0
242,Met,0.0
243,Military,0.0
244,Minnesota,0.0
245,Mints,0.0
246,Miyu,0.0
247,Money,0.0
248,Motivated,0.0
249,Moved,0.0
250,Murs,0.0
251,My,0.0
252,NO,0.0
253,NOT,0.0
254,Never,0.0
255,New,0.0
256,No,0.0
257,Noble,0.0
258,Not,0.0
259,Now,0.0
260,Numetal,0.0
261,OF,0.0
262,OUR,0.0
263,Oh,0.0
264,Olly,0.0
265,On,0.0
266,Our,0.0
267,Overcame,0.2411932202749323
268,Overcoming,0.0
269,PROUD,0.0
270,Peace,0.0
271,Pencil,0.0
272,Performing,0.0
273,Picture,0.0
274,Plus,0.0
275,Pooling,0.0
276,REASON,0.0
277,Reach,0.0
278,Reddit,0.0
279,Replace,0.0
280,Repost,0.0
281,Romania,0.0
282,Rosie,0.0
283,Round,0.0
284,Russia,0.0
285,Russicaficationâ,0.0
286,SFW,0.0
287,SMILE,0.0
288,SO,0.0
289,Saturday,0.0
290,Second,0.0
291,Semester,0.0
292,She,0.0
293,Shoes,0.0
294,Silver,0.0
295,So,0.0
296,Social,0.0
297,Someone,0.0
298,Something,0.0
299,Sound,0.0
300,Still,0.0
301,Stolen,0.0
302,Students,0.0
303,Suggestions,0.0
304,Sunday,0.0
305,Super,0.0
306,Survived,0.0
307,THE,0.0
308,TILL,0.0
309,TO,0.0
310,TRUE,0.0
311,Teacher,0.0
312,Tears,0.0
313,Thank,0.0
314,Thanks,0.0
315,That,0.0
316,The,0.0
317,There,0.0
318,These,0.0
319,They,0.0
320,Thin,0.0
321,Things,0.0
322,This,0.0
323,TikTok,0.0
324,TikToks,0.0
325,To,0.0
326,Today,0.0
327,Tonight,0.0
328,Took,0.0
329,Toxicity,0.0
330,Treasure,0.0
331,Trefoils,0.0
332,Turn,0.0
333,Twitter,0.0
334,Two,0.0
335,UPHILL,0.0
336,USD,0.0
337,Unconditional,0.0
338,Under,0.0
339,United,0.0
340,Update,0.0
341,Ups,0.0
342,Utah,0.0
343,V8,0.0
344,VERY,0.0
345,Valentine,0.0
346,Very,0.0
347,Victory,0.0
348,Video,0.0
349,WILL,0.0
350,WITH,0.0
351,Watching,0.0
352,We,0.0
353,Weight,0.0
354,Weâ,0.0
355,What,0.0
356,Whatever,0.0
357,When,0.0
358,Which,0.0
359,Wholesome,0.0
360,Whoâ,0.0
361,Wiring,0.0
362,Worked,0.0
363,World,0.0
364,Wow,0.0
365,Writing,0.0
366,Wuhan,0.0
367,Xbox,0.0
368,YUM,0.0
369,Yes,0.0
370,Yesterday,0.0
371,You,0.0
372,Your,0.0
373,Youtube,0.0
374,Yukata,0.0
375,_1,0.0
376,_210,0.0
377,able,0.0
378,about,0.0
379,absolutely,0.0
380,abuser,0.0
381,academic,0.0
382,accept,0.0
383,accident,0.0
384,accounting,0.0
385,achieve,0.0
386,across,0.0
387,active,0.0
388,actual,0.0
389,actually,0.0
390,addict,0.0
391,addictions,0.0
392,addresses,0.0
393,adjusted,0.0
394,admin,0.0
395,admitted,0.0
396,adopted,0.0
397,adorable,0.0
398,adore,0.0
399,adult,0.0
400,advice,0.0
401,advised,0.0
402,affairs,0.0
403,affectionate,0.0
404,afford,0.0
405,affordable,0.0
406,after,0.0
407,afternoons,0.0
408,again,0.0
409,against,0.0
410,ago,0.0
411,ahead,0.0
412,ainâ,0.0
413,alive,0.0
414,all,0.0
415,allowed,0.0
416,allowing,0.0
417,allð,0.0
418,almost,0.0
419,along,0.0
420,alongside,0.0
421,alot,0.0
422,already,0.0
423,also,0.0
424,alt,0.0
425,although,0.0
426,always,0.0
427,am,0.0
428,amazing,0.196553704156706
429,amazingly,0.0
430,amazon,0.0
431,amount,0.0
432,an,0.15263092750414733
433,and,0.13388806776032425
434,animal,0.0
435,anniversary,0.0
436,announced,0.0
437,annual,0.0
438,anorexia,0.0
439,another,0.0
440,antidepressants,0.0
441,anxieties,0.0
442,anxiety,0.0
443,anxious,0.0
444,any,0.0
445,anymore,0.0
446,anyone,0.0
447,anything,0.0
448,apartment,0.0
449,apologize,0.0
450,appeared,0.0
451,appetite,0.0
452,appreciate,0.0
453,appreciated,0.0
454,appreciates,0.0
455,appreciative,0.0
456,approaches,0.0
457,are,0.0
458,aren,0.0
459,arenâ,0.0
460,around,0.21794451659313832
461,art,0.0
462,artist,0.0
463,as,0.0
464,ask,0.0
465,asked,0.0
466,asleep,0.0
467,aslo,0.0
468,aspirations,0.0
469,assessment,0.0
470,at,0.0
471,atleast,0.0
472,atmosphere,0.0
473,attempt,0.0
474,attempted,0.0
475,attitude,0.0
476,auction,0.0
477,audience,0.0
478,aunts,0.0
479,auto,0.0
480,awake,0.0
481,aware,0.0
482,away,0.0
483,awesome,0.0
484,awful,0.0
485,awhile,0.0
486,awkward,0.0
487,baby,0.0
488,back,0.0
489,bad,0.0
490,bae,0.0
491,bag,0.0
492,ball,0.0
493,balloon,0.0
494,band,0.0
495,bands,0.0
496,barriers,0.0
497,bath,0.0
498,battle,0.0
499,be,0.0
500,beautiful,0.0
501,became,0.0
502,because,0.0
503,become,0.0
504,becoming,0.0
505,beekeeper,0.0
506,been,0.13070150504842598
507,before,0.0
508,behaviors,0.0
509,behind,0.0
510,being,0.0
511,believe,0.0
512,belong,0.0
513,benefit,0.0
514,best,0.0
515,better,0.0
516,bid,0.0
517,big,0.0
518,bike,0.0
519,birth,0.0
520,birthday,0.0
521,bit,0.0
522,blanket,0.0
523,blew,0.0
524,blocked,0.0
525,blood,0.0
526,blue,0.0
527,bonding,0.0
528,bone,0.0
529,bones,0.0
530,bonus,0.0
531,book,0.0
532,books,0.0
533,bookworm,0.0
534,boost,0.0
535,boots,0.0
536,border,0.0
537,boss,0.0
538,both,0.0
539,bots,0.0
540,bottle,0.0
541,bottom,0.0
542,bought,0.0
543,bowels,0.0
544,boy,0.0
545,boyfriend,0.0
546,braces,0.0
547,brag,0.0
548,brain,0.0
549,brave,0.0
550,break,0.0
551,breakup,0.0
552,breath,0.0
553,bright,0.0
554,brighten,0.0
555,brighter,0.0
556,brindle,0.0
557,bring,0.0
558,brings,0.0
559,broken,0.0
560,brother,0.0
561,brought,0.0
562,brunch,0.0
563,bubble,0.0
564,build,0.0
565,building,0.0
566,bullet,0.0
567,bunch,0.0
568,burnt,0.0
569,bus,0.0
570,bushfires,0.0
571,but,0.0
572,buy,0.0
573,buys,0.0
574,by,0.0
575,cake,0.0
576,calf,0.0
577,calfs,0.0
578,call,0.0
579,came,0.0
580,can,0.0
581,cancel,0.0
582,candy,0.0
583,cannot,0.0
584,canâ,0.0
585,cap,0.0
586,capable,0.0
587,capital,0.0
588,capitalistic,0.0
589,captured,0.0
590,car,0.0
591,care,0.0
592,career,0.0
593,cares,0.0
594,carrot,0.0
595,cartoons,0.0
596,cat,0.0
597,cats,0.0
598,caught,0.0
599,celebrate,0.0
600,celebrated,0.0
601,cell,0.0
602,cells,0.0
603,center,0.0
604,ceremony,0.0
605,chair,0.0
606,challenges,0.0
607,challenging,0.0
608,changed,0.0
609,cheek,0.0
610,cheered,0.0
611,cheeto,0.0
612,chest,0.0
613,child,0.0
614,childbirth,0.0
615,childhood,0.0
616,children,0.0
617,chilled,0.0
618,choir,0.0
619,choose,0.0
620,chosen,0.0
621,chronic,0.0
622,cities,0.0
623,city,0.0
624,clarity,0.0
625,class,0.0
626,classes,0.0
627,clean,0.0
628,cleaning,0.0
629,clearly,0.0
630,client,0.0
631,closer,0.0
632,closest,0.0
633,cloud,0.0
634,clunky,0.0
635,coasters,0.0
636,coffee,0.0
637,college,0.0
638,com,0.0
639,come,0.0
640,comfortable,0.0
641,comfy,0.0
642,coming,0.0
643,comment,0.0
644,comments,0.0
645,communication,0.0
646,commute,0.0
647,companion,0.0
648,company,0.0
649,complete,0.0
650,completed,0.0
651,completely,0.0
652,completion,0.0
653,comprehensive,0.0
654,condition,0.0
655,confidence,0.0
656,confident,0.0
657,congratulated,0.0
658,connection,0.0
659,consent,0.0
660,constantly,0.0
661,contagious,0.0
662,continue,0.0
663,convention,0.0
664,conversations,0.0
665,cookbook,0.0
666,cookies,0.0
667,cosy,0.0
668,coteacher,0.0
669,couch,0.0
670,could,0.0
671,couldn,0.0
672,couldâ,0.0
673,countries,0.0
674,country,0.0
675,counts,0.0
676,couple,0.0
677,cousin,0.0
678,cracked,0.0
679,crafting,0.0
680,crazy,0.0
681,cross,0.0
682,crush,0.0
683,cry,0.0
684,crying,0.0
685,cuddle,0.0
686,current,0.0
687,cute,0.0
688,cutest,0.0
689,dad,0.0
690,daily,0.0
691,dance,0.0
692,danced,0.0
693,dancing,0.0
694,dark,0.0
695,date,0.0
696,dated,0.0
697,dating,0.0
698,daughter,0.0
699,daughters,0.0
700,dawg,0.0
701,day,0.28238620272214854
702,days,0.0
703,deal,0.0
704,debt,0.0
705,decided,0.0
706,decision,0.0
707,deeeeep,0.0
708,deep,0.0
709,deeply,0.0
710,definitely,0.0
711,degree,0.0
712,degrees,0.0
713,delicious,0.0
714,democracyâ,0.0
715,depending,0.0
716,depressed,0.0
717,depression,0.0
718,depressive,0.0
719,desert,0.0
720,deserves,0.0
721,desperately,0.0
722,destination,0.0
723,destroying,0.0
724,devastated,0.0
725,devised,0.0
726,diamond,0.0
727,dictates,0.0
728,did,0.0
729,didn,0.0
730,didnâ,0.0
731,difference,0.0
732,different,0.0
733,difficult,0.0
734,digital,0.0
735,direction,0.0
736,disc,0.0
737,discovered,0.0
738,dishes,0.0
739,disorder,0.0
740,district,0.0
741,divorce,0.0
742,dizzy,0.0
743,do,0.0
744,does,0.0
745,doesnâ,0.0
746,dog,0.0
747,dogs,0.0
748,doing,0.0
749,don,0.0
750,donate,0.0
751,donated,0.0
752,donator,0.0
753,done,0.0
754,dont,0.0
755,donâ,0.0
756,dosage,0.0
757,double,0.0
758,doughnuts,0.0
759,down,0.0
760,dozen,0.0
761,dp,0.0
762,drama,0.0
763,drawing,0.0
764,dream,0.0
765,dreams,0.0
766,dreamt,0.0
767,dress,0.0
768,drew,0.0
769,drive,0.0
770,driveway,0.0
771,driving,0.0
772,dropping,0.0
773,drove,0.0
774,due,0.0
775,dull,0.0
776,dumbest,0.0
777,dumping,0.0
778,during,0.0
779,dyslexia,0.0
780,each,0.0
781,earlier,0.0
782,early,0.0
783,earned,0.0
784,earning,0.0
785,easily,0.0
786,eat,0.0
787,eating,0.0
788,ebook,0.0
789,economy,0.0
790,editor,0.0
791,edits,0.0
792,education,0.0
793,efforts,0.0
794,eight,0.0
795,eldest,0.0
796,election,0.0
797,electrical,0.0
798,electrician,0.0
799,elementary,0.0
800,else,0.0
801,email,0.0
802,emails,0.0
803,emo,0.0
804,emotional,0.0
805,encounters,0.0
806,encouraging,0.0
807,end,0.0
808,ended,0.0
809,energy,0.0
810,engaged,0.0
811,engagement,0.0
812,enjoy,0.0
813,enjoying,0.0
814,enough,0.0
815,enoughâ,0.0
816,entire,0.0
817,entirely,0.0
818,environment,0.0
819,episode,0.0
820,escape,0.0
821,especially,0.0
822,estatic,0.0
823,esteem,0.0
824,evacuation,0.0
825,even,0.0
826,evenings,0.0
827,events,0.0
828,eventually,0.0
829,ever,0.0
830,every,0.0
831,everyday,0.0
832,everyone,0.0
833,everything,0.0
834,exact,0.0
835,exactly,0.0
836,exam,0.0
837,exams,0.0
838,exchanged,0.0
839,excited,0.0
840,exercising,0.0
841,exhausted,0.0
842,exist,0.0
843,expecting,0.0
844,expensive,0.0
845,experience,0.0
846,experiences,0.0
847,extinction,0.0
848,extra,0.0
849,extremely,0.0
850,face,0.0
851,fact,0.0
852,failed,0.0
853,faith,0.0
854,fall,0.0
855,falling,0.0
856,family,0.0
857,fantasy,0.0
858,far,0.0
859,fat,0.0
860,father,0.0
861,fatigue,0.0
862,fave,0.0
863,favorite,0.0
864,fear,0.0
865,feel,0.0
866,feeling,0.0
867,feels,0.0
868,feet,0.0
869,fellow,0.0
870,felt,0.0
871,female,0.0
872,few,0.18206023302549254
873,fiance,0.0
874,fiancÃ,0.0
875,figure,0.0
876,film,0.0
877,final,0.0
878,finally,0.0
879,finaly,0.0
880,find,0.0
881,finding,0.0
882,finished,0.0
883,finnaly,0.0
884,fire,0.0
885,firm,0.0
886,first,0.13490560102152319
887,fit,0.0
888,five,0.0
889,fixed,0.0
890,fixes,0.0
891,flippin,0.0
892,flower,0.0
893,flowers,0.0
894,flutter,0.0
895,flying,0.0
896,fog,0.0
897,followers,0.0
898,following,0.0
899,football,0.0
900,for,0.19698111814376118
901,force,0.0
902,forest,0.0
903,forever,0.0
904,forget,0.0
905,forgot,0.0
906,format,0.0
907,former,0.0
908,forums,0.0
909,forward,0.0
910,fought,0.0
911,found,0.0
912,fragile,0.0
913,free,0.0
914,freshman,0.0
915,fridge,0.0
916,friend,0.0
917,friendly,0.0
918,friends,0.0
919,froggy,0.0
920,frogs,0.0
921,from,0.0
922,front,0.0
923,frontâ,0.0
924,fucking,0.0
925,fulfilled,0.0
926,full,0.0
927,fun,0.0
928,funds,0.0
929,funny,0.0
930,future,0.0
931,gained,0.0
932,game,0.0
933,gave,0.0
934,gaze,0.0
935,gen,0.0
936,general,0.0
937,generation,0.0
938,genre,0.0
939,genuinely,0.0
940,gesture,0.0
941,gestures,0.0
942,get,0.0
943,gets,0.0
944,getting,0.0
945,gf,0.0
946,gfypxdez,0.0
947,gift,0.0
948,girl,0.0
949,girlfriend,0.0
950,give,0.0
951,giving,0.0
952,glad,0.0
953,glass,0.0
954,glasses,0.0
955,glided,0.0
956,go,0.0
957,goal,0.0
958,god,0.0
959,goddamn,0.0
960,going,0.0
961,gold,0.0
962,golf,0.0
963,gone,0.0
964,gonna,0.0
965,good,0.16500717896498754
966,goodbye,0.0
967,goodness,0.0
968,goofball,0.0
969,got,0.0
970,grade,0.0
971,grades,0.0
972,graduate,0.0
973,graduated,0.0
974,grass,0.0
975,grateful,0.0
976,great,0.0
977,grieving,0.0
978,grips,0.0
979,grow,0.0
980,grueling,0.0
981,grumpy,0.0
982,grunge,0.0
983,guess,0.0
984,guilty,0.0
985,guns,0.0
986,gut,0.0
987,guy,0.0
988,guys,0.0
989,gym,0.0
990,had,0.29310728939955394
991,hair,0.0
992,haircut,0.0
993,half,0.0
994,handle,0.0
995,hands,0.0
996,hang,0.0
997,hapinnes,0.0
998,happened,0.0
999,happening,0.0
1000,happens,0.0
1001,happier,0.0
1002,happiest,0.0
1003,happiness,0.0
1004,happy,0.22099458563164798
1005,hard,0.0
1006,hardly,0.0
1007,hardworking,0.0
1008,harm,0.0
1009,harming,0.0
1010,has,0.15263092750414733
1011,hasn,0.0
1012,hasnâ,0.0
1013,hate,0.0
1014,hated,0.0
1015,hater,0.0
1016,hatred,0.0
1017,hav,0.0
1018,have,0.0
1019,haven,0.0
1020,havenâ,0.0
1021,having,0.0
1022,he,0.0
1023,head,0.0
1024,healed,0.0
1025,health,0.0
1026,healthcare,0.0
1027,healthy,0.0
1028,heart,0.0
1029,hearted,0.0
1030,heartwarming,0.0
1031,heartâ,0.0
1032,heat,0.0
1033,heaven,0.0
1034,help,0.0
1035,helped,0.0
1036,helping,0.0
1037,helps,0.0
1038,her,0.0
1039,here,0.0
1040,hereâ,0.0
1041,herself,0.0
1042,heâ,0.0
1043,high,0.0
1044,higher,0.0
1045,hike,0.0
1046,him,0.0
1047,hired,0.0
1048,his,0.0
1049,history,0.0
1050,hit,0.0
1051,hold,0.0
1052,hole,0.0
1053,holiday,0.0
1054,home,0.0
1055,homebound,0.0
1056,homecoming,0.0
1057,homeschooled,0.0
1058,homework,0.0
1059,homophobic,0.0
1060,honestly,0.0
1061,honor,0.0
1062,hoop,0.0
1063,hope,0.0
1064,hoped,0.0
1065,hopefully,0.0
1066,hopeless,0.0
1067,horrible,0.0
1068,horseman,0.0
1069,hospital,0.0
1070,hot,0.0
1071,hour,0.0
1072,hours,0.0
1073,house,0.0
1074,how,0.0
1075,however,0.0
1076,https,0.0
1077,huge,0.2596467545401429
1078,hula,0.0
1079,human,0.0
1080,humanity,0.0
1081,humor,0.0
1082,hurt,0.0
1083,husband,0.0
1084,id,0.0
1085,idea,0.0
1086,idiot,0.0
1087,if,0.0
1088,ifâ,0.0
1089,illustrated,0.0
1090,im,0.0
1091,image,0.0
1092,imagine,0.0
1093,imagined,0.0
1094,imperfection,0.0
1095,importantly,0.0
1096,improve,0.0
1097,in,0.19438025460741784
1098,incredible,0.0
1099,incredibly,0.0
1100,indeed,0.0
1101,independence,0.0
1102,indicated,0.0
1103,innocence,0.0
1104,insane,0.0
1105,insanely,0.0
1106,inside,0.0
1107,inspired,0.0
1108,installation,0.0
1109,instead,0.0
1110,internet,0.0
1111,interventions,0.0
1112,interview,0.0
1113,into,0.0
1114,invited,0.0
1115,is,0.0
1116,isn,0.0
1117,isnâ,0.0
1118,it,0.0
1119,its,0.0
1120,itâ,0.0
1121,iâ,0.0
1122,jealous,0.0
1123,job,0.0
1124,jobs,0.0
1125,joining,0.0
1126,joke,0.0
1127,jokes,0.0
1128,journey,0.0
1129,journeyman,0.0
1130,joy,0.0
1131,jpg,0.0
1132,jumped,0.0
1133,jumping,0.0
1134,just,0.1320601735685635
1135,karma,0.0
1136,karoke,0.0
1137,keekos,0.0
1138,keep,0.0
1139,keeping,0.0
1140,keyed,0.0
1141,keywords,0.0
1142,kid,0.0
1143,kids,0.0
1144,killed,0.0
1145,killing,0.0
1146,kind,0.0
1147,kinda,0.0
1148,kindergarten,0.0
1149,kiss,0.0
1150,kisses,0.0
1151,kitten,0.0
1152,kitty,0.0
1153,know,0.0
1154,knowing,0.0
1155,krabs,0.0
1156,label,0.0
1157,labor,0.0
1158,lake,0.0
1159,lap,0.0
1160,laptop,0.0
1161,large,0.0
1162,last,0.0
1163,late,0.0
1164,lately,0.0
1165,laugh,0.0
1166,laughed,0.0
1167,laying,0.0
1168,lbs,0.0
1169,leaps,0.0
1170,learn,0.0
1171,learning,0.0
1172,least,0.0
1173,leave,0.0
1174,leaves,0.0
1175,leaving,0.0
1176,led,0.0
1177,left,0.0
1178,lesbian,0.0
1179,lesson,0.0
1180,let,0.0
1181,letting,0.0
1182,level,0.0
1183,library,0.0
1184,license,0.0
1185,lie,0.0
1186,life,0.0
1187,lifetime,0.0
1188,light,0.0
1189,like,0.0
1190,likely,0.0
1191,likes,0.0
1192,list,0.0
1193,listening,0.0
1194,literally,0.0
1195,litter,0.0
1196,little,0.0
1197,live,0.0
1198,lived,0.0
1199,lives,0.0
1200,living,0.0
1201,ll,0.0
1202,loans,0.0
1203,local,0.0
1204,locked,0.0
1205,lol,0.0
1206,long,0.0
1207,longer,0.0
1208,longest,0.0
1209,look,0.0
1210,looked,0.0
1211,looking,0.0
1212,losing,0.0
1213,lost,0.0
1214,lot,0.0
1215,lots,0.0
1216,love,0.0
1217,loved,0.0
1218,lovely,0.0
1219,lover,0.0
1220,loves,0.0
1221,loving,0.0
1222,lower,0.0
1223,lowest,0.0
1224,lucky,0.0
1225,lunch,0.0
1226,ma,0.0
1227,mac,0.0
1228,made,0.0
1229,mail,0.0
1230,maintained,0.0
1231,major,0.0
1232,make,0.0
1233,makeover,0.0
1234,makes,0.0
1235,making,0.0
1236,man,0.0
1237,managed,0.0
1238,mantra,0.0
1239,many,0.0
1240,marker,0.0
1241,marks,0.0
1242,marriad,0.0
1243,marriage,0.0
1244,marriages,0.0
1245,married,0.0
1246,marry,0.0
1247,masterpieces,0.0
1248,masters,0.0
1249,matches,0.0
1250,mate,0.0
1251,matter,0.0
1252,matters,0.0
1253,maybe,0.0
1254,me,0.0
1255,meal,0.0
1256,mean,0.0
1257,means,0.0
1258,meantime,0.0
1259,media,0.0
1260,meet,0.0
1261,meeting,0.0
1262,melt,0.0
1263,members,0.0
1264,memories,0.0
1265,men,0.0
1266,mental,0.0
1267,mentally,0.0
1268,messaged,0.0
1269,met,0.0
1270,mf,0.0
1271,middle,0.0
1272,might,0.0
1273,miles,0.0
1274,milestone,0.0
1275,military,0.0
1276,mind,0.0
1277,mine,0.0
1278,mini,0.0
1279,ministers,0.0
1280,minutes,0.0
1281,mirth,0.0
1282,miss,0.0
1283,mistakes,0.0
1284,model,0.0
1285,mom,0.0
1286,moment,0.0
1287,moments,0.0
1288,momâ,0.0
1289,money,0.0
1290,month,0.0
1291,months,0.1679444571362093
1292,mood,0.0
1293,moon,0.0
1294,more,0.0
1295,morning,0.0
1296,mornings,0.0
1297,most,0.0
1298,mostly,0.0
1299,move,0.0
1300,moved,0.0
1301,mr,0.0
1302,much,0.0
1303,mug,0.0
1304,multiple,0.0
1305,music,0.0
1306,my,0.0
1307,myself,0.0
1308,nailing,0.0
1309,name,0.0
1310,nature,0.0
1311,natureâ,0.0
1312,nearly,0.0
1313,need,0.0
1314,needed,0.0
1315,needs,0.0
1316,negative,0.0
1317,negativity,0.0
1318,neglect,0.0
1319,neighbor,0.0
1320,nervous,0.0
1321,never,0.0
1322,new,0.0
1323,news,0.0
1324,next,0.0
1325,nice,0.0
1326,niece,0.0
1327,night,0.0
1328,no,0.0
1329,non,0.0
1330,none,0.0
1331,nor,0.0
1332,normal,0.0
1333,nose,0.0
1334,not,0.0
1335,note,0.0
1336,nothing,0.0
1337,noticed,0.0
1338,now,0.0
1339,nugget,0.0
1340,numb,0.0
1341,numbers,0.0
1342,nâ,0.0
1343,obese,0.0
1344,observations,0.0
1345,of,0.0
1346,off,0.0
1347,offer,0.0
1348,official,0.0
1349,officially,0.0
1350,offâ,0.0
1351,often,0.0
1352,ok,0.0
1353,okay,0.0
1354,old,0.0
1355,on,0.0
1356,one,0.0
1357,online,0.0
1358,only,0.0
1359,onstage,0.0
1360,open,0.0
1361,or,0.0
1362,ordered,0.0
1363,original,0.0
1364,orphans,0.0
1365,other,0.0
1366,our,0.0
1367,ourselves,0.0
1368,out,0.0
1369,outpatient,0.0
1370,outside,0.0
1371,over,0.0
1372,overall,0.0
1373,overcome,0.0
1374,overjoyed,0.0
1375,own,0.0
1376,owners,0.0
1377,pack,0.0
1378,package,0.0
1379,page,0.0
1380,paid,0.0
1381,pants,0.0
1382,parents,0.0
1383,part,0.0
1384,partner,0.0
1385,party,0.0
1386,pass,0.0
1387,passed,0.0
1388,past,0.0
1389,patch,0.0
1390,patches,0.0
1391,path,0.0
1392,patriotic,0.0
1393,peace,0.0
1394,peaceful,0.0
1395,people,0.0
1396,perfect,0.0
1397,perfectly,0.0
1398,perform,0.0
1399,performed,0.0
1400,period,0.0
1401,person,0.0
1402,personalities,0.0
1403,persons,0.0
1404,pet,0.0
1405,pets,0.0
1406,petting,0.0
1407,phones,0.0
1408,photo,0.0
1409,photograph,0.0
1410,photos,0.0
1411,physically,0.0
1412,pic,0.0
1413,pick,0.0
1414,picked,0.0
1415,pics,0.0
1416,picture,0.0
1417,pictures,0.0
1418,picturing,0.0
1419,pieces,0.0
1420,pit,0.0
1421,pjpg,0.0
1422,place,0.0
1423,placed,0.0
1424,plan,0.0
1425,planned,0.0
1426,planning,0.0
1427,plans,0.0
1428,play,0.0
1429,played,0.0
1430,playing,0.0
1431,please,0.0
1432,pleasure,0.0
1433,plus,0.0
1434,plush,0.0
1435,point,0.0
1436,pooch,0.0
1437,poor,0.0
1438,pop,0.0
1439,portrait,0.0
1440,position,0.0
1441,positive,0.0
1442,possible,0.0
1443,post,0.0
1444,posted,0.0
1445,posters,0.0
1446,posting,0.0
1447,postive,0.0
1448,posts,0.0
1449,pounds,0.0
1450,pouring,0.0
1451,power,0.0
1452,powered,0.0
1453,practice,0.0
1454,precious,0.0
1455,pregnant,0.0
1456,prescribed,0.0
1457,presents,0.0
1458,presidents,0.0
1459,pressure,0.0
1460,pretty,0.0
1461,preview,0.0
1462,prices,0.0
1463,pricy,0.0
1464,principal,0.0
1465,prioritize,0.0
1466,prioritizing,0.0
1467,prisoners,0.0
1468,problem,0.0
1469,problems,0.0
1470,process,0.0
1471,proclaimed,0.0
1472,production,0.0
1473,professional,0.0
1474,program,0.0
1475,progress,0.0
1476,promise,0.0
1477,promised,0.0
1478,properly,0.0
1479,proud,0.0
1480,psych,0.0
1481,psyched,0.0
1482,public,0.0
1483,published,0.0
1484,pulling,0.0
1485,punk,0.0
1486,pup,0.0
1487,pupper,0.0
1488,puppy,0.0
1489,purchased,0.0
1490,pushing,0.0
1491,put,0.0
1492,python,0.0
1493,qid,0.0
1494,quarter,0.0
1495,quit,0.0
1496,rain,0.0
1497,rare,0.0
1498,rarely,0.0
1499,re,0.0
1500,read,0.0
1501,reading,0.0
1502,ready,0.0
1503,reaffirmed,0.0
1504,real,0.0
1505,realized,0.0
1506,realizing,0.0
1507,really,0.3358889142724186
1508,reason,0.0
1509,recall,0.0
1510,receive,0.0
1511,recently,0.0
1512,recipe,0.0
1513,recognize,0.0
1514,record,0.0
1515,recorded,0.0
1516,recovering,0.0
1517,red,0.0
1518,redd,0.0
1519,reddit,0.0
1520,redditors,0.0
1521,redundance,0.0
1522,reenrolled,0.0
1523,ref,0.0
1524,regarding,0.0
1525,relatable,0.0
1526,relationship,0.0
1527,relief,0.0
1528,religion,0.0
1529,relive,0.0
1530,remember,0.0
1531,remembered,0.0
1532,remind,0.0
1533,reminded,0.0
1534,reminder,0.0
1535,reminds,0.0
1536,remodeling,0.0
1537,removed,0.0
1538,repeating,0.0
1539,reposts,0.0
1540,representatives,0.0
1541,rescue,0.0
1542,rescued,0.0
1543,resembled,0.0
1544,resized,0.0
1545,resolved,0.0
1546,resources,0.0
1547,responded,0.0
1548,response,0.0
1549,rest,0.0
1550,restored,0.0
1551,restroom,0.0
1552,resulted,0.0
1553,results,0.0
1554,retired,0.0
1555,returned,0.0
1556,returns,0.0
1557,ride,0.0
1558,right,0.0
1559,ring,0.0
1560,riots,0.0
1561,rises,0.0
1562,rn,0.0
1563,road,0.0
1564,robot,0.0
1565,rock,0.0
1566,role,0.0
1567,rolled,0.0
1568,roller,0.0
1569,rolls,0.0
1570,romantic,0.0
1571,room,0.0
1572,rough,0.0
1573,round,0.0
1574,routine,0.0
1575,run,0.0
1576,s2ogut25p7e41,0.0
1577,sad,0.0
1578,sadness,0.2596467545401429
1579,safe,0.0
1580,said,0.0
1581,saint,0.0
1582,same,0.0
1583,sat,0.0
1584,satisfiedâ,0.0
1585,saving,0.0
1586,saw,0.0
1587,say,0.0
1588,scared,0.0
1589,scary,0.0
1590,school,0.0
1591,schools,0.0
1592,scores,0.0
1593,scratch,0.0
1594,second,0.0
1595,see,0.0
1596,seeing,0.0
1597,seemed,0.0
1598,seen,0.0
1599,self,0.0
1600,selfie,0.0
1601,semester,0.0
1602,send,0.0
1603,sense,0.0
1604,sent,0.0
1605,set,0.0
1606,setting,0.0
1607,several,0.0
1608,severe,0.0
1609,sexiness,0.0
1610,share,0.0
1611,sharing,0.0
1612,sharpened,0.0
1613,she,0.0
1614,sheâ,0.0
1615,shifts,0.0
1616,shirt,0.0
1617,shit,0.0
1618,shitty,0.0
1619,shock,0.0
1620,shop,0.0
1621,shopping,0.0
1622,short,0.0
1623,should,0.0
1624,show,0.0
1625,shown,0.0
1626,shy,0.0
1627,sick,0.0
1628,side,0.0
1629,sidewalk,0.0
1630,sight,0.0
1631,silliness,0.0
1632,simple,0.0
1633,since,0.0
1634,singing,0.0
1635,single,0.0
1636,sister,0.0
1637,sit,0.0
1638,situation,0.0
1639,six,0.0
1640,skating,0.0
1641,skills,0.0
1642,skin,0.0
1643,sky,0.0
1644,sleep,0.0
1645,sleeping,0.0
1646,sleeps,0.0
1647,sling,0.0
1648,slowly,0.0
1649,small,0.0
1650,smart,0.0
1651,smile,0.0
1652,smiled,0.0
1653,smiling,0.0
1654,smoking,0.0
1655,snack,0.0
1656,snow,0.0
1657,snowing,0.0
1658,snows,0.0
1659,so,0.0
1660,sober,0.0
1661,sobriety,0.0
1662,social,0.0
1663,sold,0.0
1664,sole,0.0
1665,solo,0.0
1666,solve,0.0
1667,solved,0.0
1668,some,0.0
1669,someday,0.0
1670,someone,0.0
1671,someoneâ,0.0
1672,something,0.0
1673,son,0.0
1674,song,0.0
1675,soon,0.0
1676,sort,0.0
1677,sorted,0.0
1678,soul,0.0
1679,south,0.0
1680,spa,0.0
1681,space,0.0
1682,special,0.0
1683,specializing,0.0
1684,sports,0.0
1685,spring,0.0
1686,spunky,0.0
1687,sr,0.0
1688,ss,0.0
1689,stable,0.0
1690,stage,0.0
1691,start,0.0
1692,started,0.0
1693,starting,0.0
1694,starts,0.0
1695,state,0.0
1696,station,0.0
1697,stay,0.0
1698,stayed,0.0
1699,steam,0.0
1700,stem,0.0
1701,step,0.0
1702,steps,0.0
1703,sticks,0.0
1704,still,0.0
1705,stoked,0.0
1706,stop,0.0
1707,stopdrinking,0.0
1708,stopped,0.0
1709,story,0.0
1710,straightened,0.0
1711,stranger,0.0
1712,strangers,0.0
1713,stress,0.0
1714,stressed,0.0
1715,stressful,0.0
1716,strides,0.0
1717,stromboli,0.0
1718,strong,0.0
1719,struggled,0.0
1720,struggling,0.0
1721,stuck,0.0
1722,student,0.0
1723,students,0.0
1724,stuff,0.0
1725,sub,0.0
1726,subject,0.0
1727,such,0.0
1728,sucked,0.0
1729,suddenly,0.0
1730,suffering,0.0
1731,suicidal,0.0
1732,summer,0.0
1733,sun,0.0
1734,sunday,0.0
1735,sunny,0.0
1736,sunrise,0.0
1737,sunshine,0.0
1738,super,0.0
1739,superbowl,0.0
1740,superstar,0.0
1741,sure,0.0
1742,surplus,0.0
1743,surprise,0.0
1744,surprised,0.0
1745,surprises,0.0
1746,surprising,0.0
1747,sweet,0.0
1748,sweetest,0.0
1749,sâ,0.0
1750,tackling,0.0
1751,take,0.0
1752,taken,0.0
1753,taking,0.0
1754,talk,0.0
1755,talked,0.0
1756,talking,0.0
1757,tall,0.0
1758,tank,0.0
1759,tasks,0.0
1760,tattoo,0.0
1761,tattoos,0.0
1762,taught,0.0
1763,tax,0.0
1764,teach,0.0
1765,teacher,0.0
1766,teachers,0.0
1767,teaching,0.0
1768,team,0.0
1769,teammate,0.0
1770,tears,0.0
1771,tee,0.0
1772,teeth,0.0
1773,tell,0.0
1774,telling,0.0
1775,ten,0.0
1776,terms,0.0
1777,terrible,0.0
1778,test,0.0
1779,text,0.0
1780,texts,0.0
1781,than,0.0
1782,thankful,0.0
1783,thankfully,0.0
1784,thanks,0.0
1785,that,0.11694409333709115
1786,thatâ,0.0
1787,the,0.07726494469505107
1788,theater,0.0
1789,their,0.0
1790,them,0.0
1791,then,0.0
1792,therapy,0.0
1793,there,0.0
1794,these,0.0
1795,they,0.0
1796,theyâ,0.0
1797,thick,0.0
1798,thin,0.0
1799,thing,0.0
1800,things,0.0
1801,think,0.0
1802,thinking,0.0
1803,thinks,0.0
1804,this,0.0
1805,those,0.0
1806,though,0.0
1807,thought,0.0
1808,threads,0.0
1809,three,0.0
1810,through,0.0
1811,throughout,0.0
1812,throwing,0.0
1813,throws,0.0
1814,thru,0.0
1815,tickets,0.0
1816,ties,0.0
1817,time,0.14291073975136942
1818,tired,0.0
1819,to,0.0
1820,today,0.13794085988817992
1821,toddler,0.0
1822,together,0.0
1823,told,0.0
1824,tomorrow,0.0
1825,tonight,0.0
1826,too,0.0
1827,took,0.0
1828,top,0.0
1829,touch,0.0
1830,tough,0.0
1831,towards,0.0
1832,town,0.0
1833,train,0.0
1834,transition,0.0
1835,traumatic,0.0
1836,travel,0.0
1837,treatment,0.0
1838,trees,0.0
1839,tried,0.0
1840,trip,0.0
1841,trivial,0.0
1842,trouble,0.0
1843,true,0.0
1844,truly,0.0
1845,try,0.0
1846,tryin,0.0
1847,trying,0.0
1848,tub,0.0
1849,turn,0.0
1850,turned,0.0
1851,tutor,0.0
1852,twin,0.0
1853,two,0.0
1854,uke,0.0
1855,umbrella,0.0
1856,unbridled,0.0
1857,uncle,0.0
1858,uncomfortable,0.0
1859,unconditional,0.0
1860,unconquerable,0.0
1861,under,0.0
1862,underbite,0.0
1863,underestimate,0.0
1864,underground,0.0
1865,understanding,0.0
1866,unexpectedly,0.0
1867,unhappy,0.0
1868,uni,0.0
1869,universal,0.0
1870,unmatched,0.0
1871,unprepared,0.0
1872,unprompted,0.0
1873,unrequited,0.0
1874,until,0.0
1875,up,0.0
1876,upgraded,0.0
1877,us,0.0
1878,used,0.0
1879,useful,0.0
1880,using,0.0
1881,usually,0.0
1882,vacation,0.0
1883,vacuum,0.0
1884,valentine,0.0
1885,ve,0.0
1886,vehicles,0.0
1887,very,0.0
1888,vet,0.0
1889,veterans,0.0
1890,via,0.0
1891,vibrant,0.0
1892,visit,0.0
1893,visited,0.0
1894,visiting,0.0
1895,voice,0.0
1896,vote,0.0
1897,wait,0.0
1898,waiting,0.0
1899,wake,0.0
1900,waking,0.0
1901,walk,0.0
1902,walking,0.0
1903,wallowing,0.0
1904,wanna,0.0
1905,want,0.0
1906,wanted,0.0
1907,wanting,0.0
1908,wants,0.0
1909,ward,0.0
1910,warm,0.0
1911,warthog,0.0
1912,was,0.0
1913,wasnâ,0.0
1914,wasted,0.0
1915,watch,0.0
1916,watching,0.0
1917,waved,0.0
1918,waving,0.0
1919,way,0.0
1920,we,0.0
1921,wear,0.0
1922,wearing,0.0
1923,webp,0.0
1924,wedding,0.0
1925,week,0.0
1926,weekend,0.0
1927,weeks,0.0
1928,weight,0.0
1929,weirdo,0.0
1930,welcoming,0.0
1931,well,0.0
1932,went,0.0
1933,were,0.0
1934,wet,0.0
1935,weâ,0.0
1936,what,0.0
1937,whatever,0.0
1938,wheels,0.0
1939,whelmed,0.0
1940,when,0.0
1941,where,0.0
1942,wherever,0.0
1943,which,0.0
1944,while,0.19119316081800328
1945,whittled,0.0
1946,who,0.0
1947,whole,0.0
1948,wholesome,0.0
1949,why,0.0
1950,wide,0.0
1951,widows,0.0
1952,width,0.0
1953,wife,0.0
1954,wildfires,0.0
1955,will,0.0
1956,wine,0.0
1957,winter,0.0
1958,wise,0.0
1959,wish,0.0
1960,with,0.0
1961,without,0.0
1962,woke,0.0
1963,woman,0.0
1964,women,0.0
1965,won,0.0
1966,wonderful,0.0
1967,wonders,0.0
1968,wordplay,0.0
1969,words,0.0
1970,work,0.0
1971,worked,0.0
1972,working,0.0
1973,works,0.0
1974,world,0.0
1975,worry,0.0
1976,worth,0.0
1977,would,0.0
1978,wow,0.0
1979,write,0.0
1980,wrong,0.0
1981,wrote,0.0
1982,www,0.0
1983,x200B,0.0
1984,x6LovY_DdEE,0.0
1985,yay,0.0
1986,year,0.0
1987,years,0.0
1988,yes,0.0
1989,yesterday,0.0
1990,yesterdayâ,0.0
1991,yet,0.0
1992,yo,0.0
1993,you,0.0
1994,young,0.0
1995,your,0.0
1996,yours,0.0
1997,yourself,0.0
1998,youtu,0.0
1999,youâ,0.0
2000,yâ,0.0
2001,zero,0.0
2002,zipped,0.0
2003,ªI,0.0
2004,ªâ,0.0
2005,ºï,0.0
